{
    "prc": [
        {
            "precision": 0.29608938547486036,
            "recall": 1.0,
            "threshold": 0.0
        },
        {
            "precision": 0.8055555555555556,
            "recall": 0.5471698113207547,
            "threshold": 1.0
        }
    ]
}