{
    "roc": [
        {
            "fpr": 0.0,
            "tpr": 0.0,
            "threshold": 2.0
        },
        {
            "fpr": 0.05555555555555555,
            "tpr": 0.5471698113207547,
            "threshold": 1.0
        },
        {
            "fpr": 1.0,
            "tpr": 1.0,
            "threshold": 0.0
        }
    ]
}