{
    "avg_prec": 0.5748538936322218,
    "roc_auc": 0.7458071278825996
}